{"cameraMode":{"drawMode":0,"name":"Shaded","section":"Shading Mode"},"sceneLighting":true,"audioPlay":false,"sceneViewState":{"showFog":true,"showMaterialUpdate":false,"showSkybox":true,"showFlares":true,"showImageEffects":true,"showParticleSystems":true},"in2DMode":false,"pivot":{"x":1.0002639293670655,"y":4.020028114318848,"z":14.411395072937012},"rotation":{"x":0.012812802568078041,"y":-0.9858566522598267,"z":0.1219283938407898,"w":0.11541559547185898},"size":6.891040325164795,"orthographic":false}