{"cameraMode":{"drawMode":0,"name":"Shaded","section":"Shading Mode"},"sceneLighting":true,"audioPlay":false,"sceneViewState":{"showFog":true,"showMaterialUpdate":false,"showSkybox":true,"showFlares":true,"showImageEffects":true,"showParticleSystems":true},"in2DMode":false,"pivot":{"x":5.010411262512207,"y":2.7112343311309816,"z":40.984275817871097},"rotation":{"x":-0.19356116652488709,"y":0.21536436676979066,"z":-0.04501339793205261,"w":-0.9562281966209412},"size":8.672994613647461,"orthographic":false}