{"cameraMode":{"drawMode":0,"name":"Shaded","section":"Shading Mode"},"sceneLighting":false,"audioPlay":false,"sceneViewState":{"showFog":true,"showMaterialUpdate":false,"showSkybox":false,"showFlares":true,"showImageEffects":true,"showParticleSystems":true},"in2DMode":false,"pivot":{"x":0.17578887939453126,"y":3.0278968811035158,"z":-0.74688720703125},"rotation":{"x":-0.0016170555027201772,"y":0.9971743822097778,"z":-0.05128885433077812,"w":-0.057228922843933108},"size":87.36599731445313,"orthographic":false}