{"cameraMode":{"drawMode":0,"name":"Shaded","section":"Shading Mode"},"sceneLighting":true,"audioPlay":false,"sceneViewState":{"showFog":true,"showMaterialUpdate":false,"showSkybox":true,"showFlares":true,"showImageEffects":true,"showParticleSystems":true},"in2DMode":false,"pivot":{"x":-18.073375701904298,"y":2.1298530101776125,"z":29.009748458862306},"rotation":{"x":-0.04846424236893654,"y":0.6930327415466309,"z":-0.048047251999378207,"w":-0.7179575562477112},"size":10.0,"orthographic":false}