{"cameraMode":{"drawMode":0,"name":"Shaded","section":"Shading Mode"},"sceneLighting":true,"audioPlay":false,"sceneViewState":{"showFog":true,"showMaterialUpdate":false,"showSkybox":true,"showFlares":true,"showImageEffects":true,"showParticleSystems":true},"in2DMode":false,"pivot":{"x":-3.647029399871826,"y":8.798749923706055,"z":21.572479248046876},"rotation":{"x":-0.005184477660804987,"y":-0.9943296909332275,"z":-0.04826311767101288,"w":0.09649147838354111},"size":24.228118896484376,"orthographic":false}