{"cameraMode":{"drawMode":0,"name":"Shaded","section":"Shading Mode"},"sceneLighting":true,"audioPlay":false,"sceneViewState":{"showFog":true,"showMaterialUpdate":false,"showSkybox":true,"showFlares":true,"showImageEffects":true,"showParticleSystems":true},"in2DMode":false,"pivot":{"x":-4.950074195861816,"y":2.347515821456909,"z":33.815921783447269},"rotation":{"x":0.010006366297602654,"y":-0.3873487412929535,"z":-0.005161915440112352,"w":-0.922089159488678},"size":5.831437110900879,"orthographic":false}