{"cameraMode":{"drawMode":0,"name":"Shaded","section":"Shading Mode"},"sceneLighting":true,"audioPlay":false,"sceneViewState":{"showFog":true,"showMaterialUpdate":false,"showSkybox":true,"showFlares":true,"showImageEffects":true,"showParticleSystems":true},"in2DMode":false,"pivot":{"x":3.647411823272705,"y":5.763975143432617,"z":29.870725631713868},"rotation":{"x":-0.0013840942410752178,"y":0.9983012676239014,"z":-0.054060883820056918,"w":-0.028668787330389024},"size":22.6557674407959,"orthographic":false}