{"cameraMode":{"drawMode":0,"name":"Shaded","section":"Shading Mode"},"sceneLighting":true,"audioPlay":false,"sceneViewState":{"showFog":true,"showMaterialUpdate":false,"showSkybox":false,"showFlares":true,"showImageEffects":true,"showParticleSystems":true},"in2DMode":false,"pivot":{"x":-0.6409668326377869,"y":3.0470590591430666,"z":0.2598598599433899},"rotation":{"x":-0.004187287297099829,"y":-0.9941584467887878,"z":-0.025313569232821466,"w":0.10605758428573609},"size":2.30423903465271,"orthographic":false}