{"cameraMode":{"drawMode":0,"name":"Shaded","section":"Shading Mode"},"sceneLighting":true,"audioPlay":false,"sceneViewState":{"showFog":true,"showMaterialUpdate":false,"showSkybox":true,"showFlares":true,"showImageEffects":true,"showParticleSystems":true},"in2DMode":false,"pivot":{"x":6.736894130706787,"y":3.0941147804260256,"z":81.4088134765625},"rotation":{"x":0.005593705922365189,"y":-0.8902095556259155,"z":0.45553985238075259,"w":0.011441470123827458},"size":3.275254964828491,"orthographic":false}