{"cameraMode":{"drawMode":0,"name":"Shaded","section":"Shading Mode"},"sceneLighting":false,"audioPlay":false,"sceneViewState":{"showFog":true,"showMaterialUpdate":false,"showSkybox":false,"showFlares":true,"showImageEffects":true,"showParticleSystems":true},"in2DMode":false,"pivot":{"x":-0.43125009536743166,"y":0.4900084137916565,"z":-0.4312511086463928},"rotation":{"x":0.046333592385053638,"y":-0.7131332755088806,"z":0.047369737178087237,"w":0.6979027390480042},"size":1.0966503620147706,"orthographic":false}