{"cameraMode":{"drawMode":0,"name":"Shaded","section":"Shading Mode"},"sceneLighting":true,"audioPlay":false,"sceneViewState":{"showFog":true,"showMaterialUpdate":false,"showSkybox":true,"showFlares":true,"showImageEffects":true,"showParticleSystems":true},"in2DMode":false,"pivot":{"x":17.375350952148439,"y":0.13392727077007295,"z":63.074745178222659},"rotation":{"x":-0.06482934951782227,"y":-0.6584821939468384,"z":0.05576133728027344,"w":-0.7479377388954163},"size":3.499497175216675,"orthographic":false}