{"cameraMode":{"drawMode":0,"name":"Shaded","section":"Shading Mode"},"sceneLighting":true,"audioPlay":false,"sceneViewState":{"showFog":true,"showMaterialUpdate":false,"showSkybox":true,"showFlares":true,"showImageEffects":true,"showParticleSystems":true},"in2DMode":false,"pivot":{"x":-20.73642349243164,"y":5.716063499450684,"z":38.2275390625},"rotation":{"x":-0.00013686393504031003,"y":-0.999948263168335,"z":0.009481582790613175,"w":0.012735998257994652},"size":32.690555572509769,"orthographic":true}