{"cameraMode":{"drawMode":0,"name":"Shaded","section":"Shading Mode"},"sceneLighting":false,"audioPlay":false,"sceneViewState":{"showFog":true,"showMaterialUpdate":false,"showSkybox":false,"showFlares":true,"showImageEffects":true,"showParticleSystems":true},"in2DMode":false,"pivot":{"x":0.0,"y":1.5000005960464478,"z":-3.1132913136389109e-7},"rotation":{"x":0.0043190279975533489,"y":-0.9373407959938049,"z":0.3483473062515259,"w":0.012807528488337994},"size":2.1213219165802,"orthographic":false}