{"cameraMode":{"drawMode":0,"name":"Shaded","section":"Shading Mode"},"sceneLighting":true,"audioPlay":false,"sceneViewState":{"showFog":true,"showMaterialUpdate":false,"showSkybox":true,"showFlares":true,"showImageEffects":true,"showParticleSystems":true},"in2DMode":false,"pivot":{"x":59.58882522583008,"y":-31.511178970336915,"z":56.73154830932617},"rotation":{"x":-0.16843631863594056,"y":-0.7721129059791565,"z":0.22740131616592408,"w":-0.5693336725234985},"size":38.03555679321289,"orthographic":false}