{"cameraMode":{"drawMode":0,"name":"Shaded","section":"Shading Mode"},"sceneLighting":true,"audioPlay":false,"sceneViewState":{"showFog":true,"showMaterialUpdate":false,"showSkybox":true,"showFlares":true,"showImageEffects":true,"showParticleSystems":true},"in2DMode":false,"pivot":{"x":11.364971160888672,"y":1.7907993793487549,"z":0.5705788135528565},"rotation":{"x":-0.012638884596526623,"y":-0.9855897426605225,"z":0.07548946887254715,"w":-0.15190832316875459},"size":1.6005024909973145,"orthographic":false}